{
  "organic-calm": {
    "name": "Organic Calm",
    "mood": ["organic", "calm", "nature"],
    "tokens": {
      "bg": "#0F2F2A",
      "bgSoft": "#163D35",
      "bgGradient": "linear-gradient(180deg, #2F8F7A 0%, #1F5E4F 50%, #0F2F2A 100%)",
      "primary": "#A8C686",
      "text": "#F1F5F3",
      "textMuted": "#C9D5CF",
      "textSoft": "#9FB3AA"
    }
  },

  "warm-indie": {
    "name": "Warm Indie",
    "mood": ["warm", "nostalgic", "emotional"],
    "tokens": {
      "bg": "#2B1A12",
      "bgSoft": "#3A2418",
      "bgGradient": "linear-gradient(180deg, #5C3A24 0%, #3A2418 55%, #2B1A12 100%)",
      "primary": "#F2A65A",
      "text": "#FFF4EA",
      "textMuted": "#E6CBB4",
      "textSoft": "#CFAE96"
    }
  },

  "cool-digital": {
    "name": "Cool Digital",
    "mood": ["cool", "digital", "producer"],
    "tokens": {
      "bg": "#0B1C2D",
      "bgSoft": "#12263A",
      "bgGradient": "linear-gradient(180deg, #1F4D63 0%, #12263A 55%, #0B1C2D 100%)",
      "primary": "#6FD3E3",
      "text": "#EAF6FA",
      "textMuted": "#B8D6DF",
      "textSoft": "#8FB5C1"
    }
  },

  "deep-night": {
    "name": "Deep Night",
    "mood": ["dark", "cinematic", "experimental"],
    "tokens": {
      "bg": "#120B1E",
      "bgSoft": "#1C1430",
      "bgGradient": "linear-gradient(180deg, #3B2C6A 0%, #1C1430 55%, #120B1E 100%)",
      "primary": "#8B7CFF",
      "text": "#F2F1FF",
      "textMuted": "#C9C6F2",
      "textSoft": "#9E9AD1"
    }
  },

  "soft-dream": {
    "name": "Soft Dream",
    "mood": ["soft", "dreamy", "emotional"],
    "tokens": {
      "bg": "#24151F",
      "bgSoft": "#2F1C28",
      "bgGradient": "linear-gradient(180deg, #6A2F4D 0%, #2F1C28 55%, #24151F 100%)",
      "primary": "#FF8FB1",
      "text": "#FFF2F7",
      "textMuted": "#F3C9D8",
      "textSoft": "#D6A6BA"
    }
  },

  "neutral-balance": {
    "name": "Neutral Balance",
    "mood": ["neutral", "editorial", "safe"],
    "tokens": {
      "bg": "#14161A",
      "bgSoft": "#1C1F26",
      "bgGradient": "linear-gradient(180deg, #2A2F3A 0%, #1C1F26 55%, #14161A 100%)",
      "primary": "#8FA6C9",
      "text": "#F5F7FA",
      "textMuted": "#C7CEDA",
      "textSoft": "#9EA7B5"
    }
  },

  "monochrome-art": {
    "name": "Monochrome Art",
    "mood": ["monochrome", "art", "editorial"],
    "tokens": {
      "bg": "#0E0E10",
      "bgSoft": "#1A1A1E",
      "bgGradient": "linear-gradient(180deg, #2A2A2E 0%, #1A1A1E 55%, #0E0E10 100%)",
      "primary": "#FFFFFF",
      "text": "#FFFFFF",
      "textMuted": "#CFCFD4",
      "textSoft": "#9A9AA2"
    }
  }
}
